-- phpMyAdmin SQL Dump
-- version 4.2.7.1
-- http://www.phpmyadmin.net
--
-- Host: 127.0.0.1
-- Generation Time: Jan 04, 2015 at 07:31 PM
-- Server version: 5.6.20
-- PHP Version: 5.5.15

SET SQL_MODE = "NO_AUTO_VALUE_ON_ZERO";
SET time_zone = "+00:00";


/*!40101 SET @OLD_CHARACTER_SET_CLIENT=@@CHARACTER_SET_CLIENT */;
/*!40101 SET @OLD_CHARACTER_SET_RESULTS=@@CHARACTER_SET_RESULTS */;
/*!40101 SET @OLD_COLLATION_CONNECTION=@@COLLATION_CONNECTION */;
/*!40101 SET NAMES utf8 */;

--
-- Database: `silex-blog`
--

-- --------------------------------------------------------

--
-- Table structure for table `article`
--

CREATE TABLE IF NOT EXISTS `article` (
`id` int(11) NOT NULL,
  `title` varchar(255) NOT NULL,
  `body` text NOT NULL
) ENGINE=InnoDB  DEFAULT CHARSET=utf8 AUTO_INCREMENT=73 ;

--
-- Dumping data for table `article`
--

INSERT INTO `article` (`id`, `title`, `body`) VALUES
(1, 'Article num1', 'Corpus de l''article'),
(2, 'Article num2', 'Corpus de l''article'),
(72, 'Article num3', 'Corpus de l''article');

-- --------------------------------------------------------

--
-- Table structure for table `article_tag`
--

CREATE TABLE IF NOT EXISTS `article_tag` (
  `id_article` int(11) NOT NULL,
  `id_tag` int(11) NOT NULL
) ENGINE=InnoDB DEFAULT CHARSET=utf8;

--
-- Dumping data for table `article_tag`
--

INSERT INTO `article_tag` (`id_article`, `id_tag`) VALUES
(1, 1),
(2, 1),
(2, 2),
(2, 4),
(72, 4),
(72, 8),
(72, 9);

-- --------------------------------------------------------

--
-- Table structure for table `comment`
--

CREATE TABLE IF NOT EXISTS `comment` (
`id` int(11) NOT NULL,
  `body` text NOT NULL,
  `id_article` int(11) NOT NULL,
  `id_user` int(11) NOT NULL,
  `create_at` datetime NOT NULL
) ENGINE=InnoDB  DEFAULT CHARSET=utf8 AUTO_INCREMENT=39 ;

--
-- Dumping data for table `comment`
--

INSERT INTO `comment` (`id`, `body`, `id_article`, `id_user`, `create_at`) VALUES
(19, 'qwerty', 1, 9, '2014-12-03 10:33:57'),
(33, 'azrgarg', 2, 11, '2014-12-03 15:41:42'),
(36, 'azertyazret aùlkjrmdl dlkghz reg', 1, 11, '2014-12-04 14:46:01'),
(38, 'fyujty ry ujyu jyr ujt jtytyhetjrr heetyh teyh', 2, 11, '2014-12-04 20:25:05');

-- --------------------------------------------------------

--
-- Table structure for table `tag`
--

CREATE TABLE IF NOT EXISTS `tag` (
`id` int(11) NOT NULL,
  `name` varchar(32) NOT NULL
) ENGINE=InnoDB  DEFAULT CHARSET=utf8 AUTO_INCREMENT=10 ;

--
-- Dumping data for table `tag`
--

INSERT INTO `tag` (`id`, `name`) VALUES
(1, 'fromage'),
(2, 'poulet'),
(3, 'vin blanc'),
(4, 'savoie'),
(5, 'fondue'),
(8, 'mcdo'),
(9, 'burger');

-- --------------------------------------------------------

--
-- Table structure for table `user`
--

CREATE TABLE IF NOT EXISTS `user` (
`id` int(11) NOT NULL,
  `login` varchar(255) NOT NULL,
  `password` varchar(255) NOT NULL,
  `admin` tinyint(1) NOT NULL
) ENGINE=InnoDB  DEFAULT CHARSET=utf8 AUTO_INCREMENT=12 ;

--
-- Dumping data for table `user`
--

INSERT INTO `user` (`id`, `login`, `password`, `admin`) VALUES
(1, 'user1', 'user1', 0),
(2, 'admin', 'admin', 1),
(9, 'hash@gmail.com', '$2y$10$OmYuB8WhtIiE9IXkFKw9bOkoonqupER4n5THJUoJ64RIXhvWXpTNu', 0),
(11, 'admin@admin.com', '$2y$10$YrBY8QpR7SA9XCwiIwdHE.5EdibYrBDrtfvJXgSUKJoVAWNjcHTmO', 1);

--
-- Indexes for dumped tables
--

--
-- Indexes for table `article`
--
ALTER TABLE `article`
 ADD PRIMARY KEY (`id`);

--
-- Indexes for table `article_tag`
--
ALTER TABLE `article_tag`
 ADD PRIMARY KEY (`id_article`,`id_tag`), ADD KEY `id_tag` (`id_tag`), ADD KEY `id_article` (`id_article`);

--
-- Indexes for table `comment`
--
ALTER TABLE `comment`
 ADD PRIMARY KEY (`id`), ADD KEY `id_article` (`id_article`), ADD KEY `id_user` (`id_user`);

--
-- Indexes for table `tag`
--
ALTER TABLE `tag`
 ADD PRIMARY KEY (`id`);

--
-- Indexes for table `user`
--
ALTER TABLE `user`
 ADD PRIMARY KEY (`id`), ADD UNIQUE KEY `login` (`login`);

--
-- AUTO_INCREMENT for dumped tables
--

--
-- AUTO_INCREMENT for table `article`
--
ALTER TABLE `article`
MODIFY `id` int(11) NOT NULL AUTO_INCREMENT,AUTO_INCREMENT=73;
--
-- AUTO_INCREMENT for table `comment`
--
ALTER TABLE `comment`
MODIFY `id` int(11) NOT NULL AUTO_INCREMENT,AUTO_INCREMENT=39;
--
-- AUTO_INCREMENT for table `tag`
--
ALTER TABLE `tag`
MODIFY `id` int(11) NOT NULL AUTO_INCREMENT,AUTO_INCREMENT=10;
--
-- AUTO_INCREMENT for table `user`
--
ALTER TABLE `user`
MODIFY `id` int(11) NOT NULL AUTO_INCREMENT,AUTO_INCREMENT=12;
--
-- Constraints for dumped tables
--

--
-- Constraints for table `article_tag`
--
ALTER TABLE `article_tag`
ADD CONSTRAINT `article_tag_ibfk_1` FOREIGN KEY (`id_article`) REFERENCES `article` (`id`) ON DELETE CASCADE ON UPDATE CASCADE,
ADD CONSTRAINT `article_tag_ibfk_2` FOREIGN KEY (`id_tag`) REFERENCES `tag` (`id`) ON DELETE CASCADE ON UPDATE CASCADE;

--
-- Constraints for table `comment`
--
ALTER TABLE `comment`
ADD CONSTRAINT `comment_ibfk_1` FOREIGN KEY (`id_article`) REFERENCES `article` (`id`) ON DELETE CASCADE ON UPDATE CASCADE,
ADD CONSTRAINT `comment_ibfk_2` FOREIGN KEY (`id_user`) REFERENCES `user` (`id`) ON DELETE CASCADE ON UPDATE CASCADE;

/*!40101 SET CHARACTER_SET_CLIENT=@OLD_CHARACTER_SET_CLIENT */;
/*!40101 SET CHARACTER_SET_RESULTS=@OLD_CHARACTER_SET_RESULTS */;
/*!40101 SET COLLATION_CONNECTION=@OLD_COLLATION_CONNECTION */;
